{
  "left_shoulder_roll_joint": -0.061,
  "left_elbow_joint": -1.57861109827236,
  "right_shoulder_roll_joint": 0.061,
  "right_elbow_joint": -1.584740722805358
}